,Sex_Diabetes_Rate,Income_Diabetes_Rate,Access_Diabetes_Rate
0.0,0.12967867355994758,,0.11452041555931385
1.0,0.1516033158469554,0.2428906329630007,0.14061003966625632
2.0,,0.2619027412373759,
3.0,,0.22308365637113917,
4.0,,0.20134094859697044,
5.0,,0.17401383147239502,
6.0,,0.1450781464217165,
7.0,,0.12182142113422337,
8.0,,0.0796039165790784,
